456118;Jackson"
4561;Jackson"
4561;"Jackson"
4561;"Jackson"
4561;"Jackson"
4561;"Jackson"
4561;"Jackson"
4561;"Jackson"
4561;"Jackson"
4561;"Jackson"
4561;"Jackson"
4561;"Jackson"
4561;"Jackson"
4561;"Jackson"
4561;"Jackson"
4561;"Jackson"
4561;"Jackson"
4561;"Jackson"
4561;"Jackson"
4561;"Jackson"
4561;"Jackson"
4561;"Jackson"
4561;"Jackson"
4561;"Jackson"
4561;"Jackson"
4561;"Jackson"
4561;"Jackson"
4561;"Jackson"
4561;"Jackson"
4561;"Jackson"
4561;"Jackson"
4561;"Jackson"
4561;"Jackson"
4561;"Jackson"
4561;"Jackson"
4561;"Jackson"
